name,email,company,address,city,state
Alex Rivera,alex.rivera@equityapartments.com,Equity Residential,2 N Riverside Plaza,Chicago,Illinois
Jordan Lee,jordan.lee@avaloncommunities.com,AvalonBay Communities,4040 Wilson Blvd,Arlington,Virginia
Sam Morgan,sam.morgan@lincolnpropertycompany.com,Lincoln Property Company,500 N Akard St,Dallas,Texas
Taylor Brooks,taylor.brooks@camdenliving.com,Camden Property Trust,11 Greenway Plaza,Houston,Texas
Riley Chen,riley.chen@greystar.com,Greystar Property Management,5000 Corporate Ct,Charleston,South Carolina
Casey Ng,casey.ng@mayoclinic.org,Mayo Clinic,200 First St SW,Rochester,Minnesota
Morgan Diaz,morgan.diaz@hcahealthcare.com,HCA Healthcare,1 Park Plaza,Nashville,Tennessee
Jamie Park,jamie.park@unitedhealthgroup.com,UnitedHealth Group,9900 Bren Rd E,Minnetonka,Minnesota
Dr. Priya Shah,priya.shah@cvshealth.com,CVS Health,1 CVS Dr,Woonsocket,Rhode Island
